tag,release_date,frontier_score,best_model,best_family,best_model_release_date,is_new_frontier
Quantitative-Formal,2023-02-24,0.0034767461966772476,LLaMA-13B,Llama,2023-02-24,True
Logical-Control,2023-02-24,0.0034628716526046324,LLaMA-13B,Llama,2023-02-24,True
Abstraction-Learning,2023-02-24,0.0034600893891562714,LLaMA-13B,Llama,2023-02-24,True
Search-Load,2023-02-24,0.003438452419379924,LLaMA-13B,Llama,2023-02-24,True
Coding,2023-02-24,0.0,LLaMA-13B,Llama,2023-02-24,True
Science,2023-02-24,0.0031134988854206675,LLaMA-13B,Llama,2023-02-24,True
Quantitative-Formal,2023-03-14,0.00478937755483219,gpt-4-0314,GPT,2023-03-14,True
Logical-Control,2023-03-14,0.0047409056383069395,gpt-4-0314,GPT,2023-03-14,True
Abstraction-Learning,2023-03-14,0.004749439485067426,gpt-4-0314,GPT,2023-03-14,True
Search-Load,2023-03-14,0.004719490776973745,gpt-4-0314,GPT,2023-03-14,True
Coding,2023-03-14,0.0,LLaMA-13B,Llama,2023-02-24,False
Science,2023-03-14,0.0047125728569732935,gpt-4-0314,GPT,2023-03-14,True
Quantitative-Formal,2023-03-15,0.00478937755483219,gpt-4-0314,GPT,2023-03-14,False
Logical-Control,2023-03-15,0.0047409056383069395,gpt-4-0314,GPT,2023-03-14,False
Abstraction-Learning,2023-03-15,0.004749439485067426,gpt-4-0314,GPT,2023-03-14,False
Search-Load,2023-03-15,0.004719490776973745,gpt-4-0314,GPT,2023-03-14,False
Coding,2023-03-15,0.0,LLaMA-13B,Llama,2023-02-24,False
Science,2023-03-15,0.0047125728569732935,gpt-4-0314,GPT,2023-03-14,False
Quantitative-Formal,2023-04-24,0.00478937755483219,gpt-4-0314,GPT,2023-03-14,False
Logical-Control,2023-04-24,0.0047409056383069395,gpt-4-0314,GPT,2023-03-14,False
Abstraction-Learning,2023-04-24,0.004749439485067426,gpt-4-0314,GPT,2023-03-14,False
Search-Load,2023-04-24,0.004719490776973745,gpt-4-0314,GPT,2023-03-14,False
Coding,2023-04-24,0.0,LLaMA-13B,Llama,2023-02-24,False
Science,2023-04-24,0.0047125728569732935,gpt-4-0314,GPT,2023-03-14,False
Quantitative-Formal,2023-05-05,0.00478937755483219,gpt-4-0314,GPT,2023-03-14,False
Logical-Control,2023-05-05,0.0047409056383069395,gpt-4-0314,GPT,2023-03-14,False
Abstraction-Learning,2023-05-05,0.004749439485067426,gpt-4-0314,GPT,2023-03-14,False
Search-Load,2023-05-05,0.004719490776973745,gpt-4-0314,GPT,2023-03-14,False
Coding,2023-05-05,0.0,LLaMA-13B,Llama,2023-02-24,False
Science,2023-05-05,0.0047125728569732935,gpt-4-0314,GPT,2023-03-14,False
Quantitative-Formal,2023-06-13,0.00478937755483219,gpt-4-0314,GPT,2023-03-14,False
Logical-Control,2023-06-13,0.0047409056383069395,gpt-4-0314,GPT,2023-03-14,False
Abstraction-Learning,2023-06-13,0.004749439485067426,gpt-4-0314,GPT,2023-03-14,False
Search-Load,2023-06-13,0.004719490776973745,gpt-4-0314,GPT,2023-03-14,False
Coding,2023-06-13,0.0,LLaMA-13B,Llama,2023-02-24,False
Science,2023-06-13,0.0047125728569732935,gpt-4-0314,GPT,2023-03-14,False
Quantitative-Formal,2023-06-22,0.00478937755483219,gpt-4-0314,GPT,2023-03-14,False
Logical-Control,2023-06-22,0.0047409056383069395,gpt-4-0314,GPT,2023-03-14,False
Abstraction-Learning,2023-06-22,0.004749439485067426,gpt-4-0314,GPT,2023-03-14,False
Search-Load,2023-06-22,0.004719490776973745,gpt-4-0314,GPT,2023-03-14,False
Coding,2023-06-22,0.0,LLaMA-13B,Llama,2023-02-24,False
Science,2023-06-22,0.0047125728569732935,gpt-4-0314,GPT,2023-03-14,False
Quantitative-Formal,2023-06-24,0.00478937755483219,gpt-4-0314,GPT,2023-03-14,False
Logical-Control,2023-06-24,0.0047409056383069395,gpt-4-0314,GPT,2023-03-14,False
Abstraction-Learning,2023-06-24,0.004749439485067426,gpt-4-0314,GPT,2023-03-14,False
Search-Load,2023-06-24,0.004719490776973745,gpt-4-0314,GPT,2023-03-14,False
Coding,2023-06-24,0.0,LLaMA-13B,Llama,2023-02-24,False
Science,2023-06-24,0.0047125728569732935,gpt-4-0314,GPT,2023-03-14,False
Quantitative-Formal,2023-07-05,0.00478937755483219,gpt-4-0314,GPT,2023-03-14,False
Logical-Control,2023-07-05,0.0047409056383069395,gpt-4-0314,GPT,2023-03-14,False
Abstraction-Learning,2023-07-05,0.004749439485067426,gpt-4-0314,GPT,2023-03-14,False
Search-Load,2023-07-05,0.004719490776973745,gpt-4-0314,GPT,2023-03-14,False
Coding,2023-07-05,0.0,LLaMA-13B,Llama,2023-02-24,False
Science,2023-07-05,0.0047125728569732935,gpt-4-0314,GPT,2023-03-14,False
Quantitative-Formal,2023-07-18,0.00478937755483219,gpt-4-0314,GPT,2023-03-14,False
Logical-Control,2023-07-18,0.0047409056383069395,gpt-4-0314,GPT,2023-03-14,False
Abstraction-Learning,2023-07-18,0.004749439485067426,gpt-4-0314,GPT,2023-03-14,False
Search-Load,2023-07-18,0.004719490776973745,gpt-4-0314,GPT,2023-03-14,False
Coding,2023-07-18,0.0,LLaMA-13B,Llama,2023-02-24,False
Science,2023-07-18,0.0047125728569732935,gpt-4-0314,GPT,2023-03-14,False
Quantitative-Formal,2023-09-06,0.00478937755483219,gpt-4-0314,GPT,2023-03-14,False
Logical-Control,2023-09-06,0.0047409056383069395,gpt-4-0314,GPT,2023-03-14,False
Abstraction-Learning,2023-09-06,0.004749439485067426,gpt-4-0314,GPT,2023-03-14,False
Search-Load,2023-09-06,0.004719490776973745,gpt-4-0314,GPT,2023-03-14,False
Coding,2023-09-06,0.0,LLaMA-13B,Llama,2023-02-24,False
Science,2023-09-06,0.0047125728569732935,gpt-4-0314,GPT,2023-03-14,False
Quantitative-Formal,2023-09-27,0.005102922919950457,Mistral-7B-Instruct-v0.1,Others,2023-09-27,True
Logical-Control,2023-09-27,0.005114188613540814,Mistral-7B-Instruct-v0.1,Others,2023-09-27,True
Abstraction-Learning,2023-09-27,0.0051167689969921736,Mistral-7B-Instruct-v0.1,Others,2023-09-27,True
Search-Load,2023-09-27,0.00506791693683109,Mistral-7B-Instruct-v0.1,Others,2023-09-27,True
Coding,2023-09-27,0.0,LLaMA-13B,Llama,2023-02-24,False
Science,2023-09-27,0.0047125728569732935,gpt-4-0314,GPT,2023-03-14,False
Quantitative-Formal,2023-10-10,0.005102922919950457,Mistral-7B-Instruct-v0.1,Others,2023-09-27,False
Logical-Control,2023-10-10,0.005114188613540814,Mistral-7B-Instruct-v0.1,Others,2023-09-27,False
Abstraction-Learning,2023-10-10,0.0051167689969921736,Mistral-7B-Instruct-v0.1,Others,2023-09-27,False
Search-Load,2023-10-10,0.00506791693683109,Mistral-7B-Instruct-v0.1,Others,2023-09-27,False
Coding,2023-10-10,0.0,LLaMA-13B,Llama,2023-02-24,False
Science,2023-10-10,0.0047125728569732935,gpt-4-0314,GPT,2023-03-14,False
Quantitative-Formal,2023-11-02,0.005102922919950457,Mistral-7B-Instruct-v0.1,Others,2023-09-27,False
Logical-Control,2023-11-02,0.005114188613540814,Mistral-7B-Instruct-v0.1,Others,2023-09-27,False
Abstraction-Learning,2023-11-02,0.0051167689969921736,Mistral-7B-Instruct-v0.1,Others,2023-09-27,False
Search-Load,2023-11-02,0.00506791693683109,Mistral-7B-Instruct-v0.1,Others,2023-09-27,False
Coding,2023-11-02,0.0,LLaMA-13B,Llama,2023-02-24,False
Science,2023-11-02,0.0047125728569732935,gpt-4-0314,GPT,2023-03-14,False
Quantitative-Formal,2023-11-06,0.005102922919950457,Mistral-7B-Instruct-v0.1,Others,2023-09-27,False
Logical-Control,2023-11-06,0.005114188613540814,Mistral-7B-Instruct-v0.1,Others,2023-09-27,False
Abstraction-Learning,2023-11-06,0.0051167689969921736,Mistral-7B-Instruct-v0.1,Others,2023-09-27,False
Search-Load,2023-11-06,0.00506791693683109,Mistral-7B-Instruct-v0.1,Others,2023-09-27,False
Coding,2023-11-06,0.0,LLaMA-13B,Llama,2023-02-24,False
Science,2023-11-06,0.004793954515609342,gpt-3.5-turbo-1106,GPT,2023-11-06,True
Quantitative-Formal,2023-12-06,0.005102922919950457,Mistral-7B-Instruct-v0.1,Others,2023-09-27,False
Logical-Control,2023-12-06,0.005114188613540814,Mistral-7B-Instruct-v0.1,Others,2023-09-27,False
Abstraction-Learning,2023-12-06,0.0051167689969921736,Mistral-7B-Instruct-v0.1,Others,2023-09-27,False
Search-Load,2023-12-06,0.00506791693683109,Mistral-7B-Instruct-v0.1,Others,2023-09-27,False
Coding,2023-12-06,0.0,LLaMA-13B,Llama,2023-02-24,False
Science,2023-12-06,0.004793954515609342,gpt-3.5-turbo-1106,GPT,2023-11-06,False
Quantitative-Formal,2023-12-11,0.005102922919950457,Mistral-7B-Instruct-v0.1,Others,2023-09-27,False
Logical-Control,2023-12-11,0.005114188613540814,Mistral-7B-Instruct-v0.1,Others,2023-09-27,False
Abstraction-Learning,2023-12-11,0.0051167689969921736,Mistral-7B-Instruct-v0.1,Others,2023-09-27,False
Search-Load,2023-12-11,0.00506791693683109,Mistral-7B-Instruct-v0.1,Others,2023-09-27,False
Coding,2023-12-11,0.0,LLaMA-13B,Llama,2023-02-24,False
Science,2023-12-11,0.004793954515609342,gpt-3.5-turbo-1106,GPT,2023-11-06,False
Quantitative-Formal,2023-12-12,0.005102922919950457,Mistral-7B-Instruct-v0.1,Others,2023-09-27,False
Logical-Control,2023-12-12,0.005114188613540814,Mistral-7B-Instruct-v0.1,Others,2023-09-27,False
Abstraction-Learning,2023-12-12,0.0051167689969921736,Mistral-7B-Instruct-v0.1,Others,2023-09-27,False
Search-Load,2023-12-12,0.00506791693683109,Mistral-7B-Instruct-v0.1,Others,2023-09-27,False
Coding,2023-12-12,0.0,LLaMA-13B,Llama,2023-02-24,False
Science,2023-12-12,0.004793954515609342,gpt-3.5-turbo-1106,GPT,2023-11-06,False
Quantitative-Formal,2024-01-06,0.005102922919950457,Mistral-7B-Instruct-v0.1,Others,2023-09-27,False
Logical-Control,2024-01-06,0.005114188613540814,Mistral-7B-Instruct-v0.1,Others,2023-09-27,False
Abstraction-Learning,2024-01-06,0.0051167689969921736,Mistral-7B-Instruct-v0.1,Others,2023-09-27,False
Search-Load,2024-01-06,0.00506791693683109,Mistral-7B-Instruct-v0.1,Others,2023-09-27,False
Coding,2024-01-06,0.0,LLaMA-13B,Llama,2023-02-24,False
Science,2024-01-06,0.004793954515609342,gpt-3.5-turbo-1106,GPT,2023-11-06,False
Quantitative-Formal,2024-01-25,0.005102922919950457,Mistral-7B-Instruct-v0.1,Others,2023-09-27,False
Logical-Control,2024-01-25,0.005114188613540814,Mistral-7B-Instruct-v0.1,Others,2023-09-27,False
Abstraction-Learning,2024-01-25,0.0051167689969921736,Mistral-7B-Instruct-v0.1,Others,2023-09-27,False
Search-Load,2024-01-25,0.00506791693683109,Mistral-7B-Instruct-v0.1,Others,2023-09-27,False
Coding,2024-01-25,0.0,LLaMA-13B,Llama,2023-02-24,False
Science,2024-01-25,0.004809508763044598,gpt-4-0125-preview,GPT,2024-01-25,True
Quantitative-Formal,2024-02-04,0.005102922919950457,Mistral-7B-Instruct-v0.1,Others,2023-09-27,False
Logical-Control,2024-02-04,0.005114188613540814,Mistral-7B-Instruct-v0.1,Others,2023-09-27,False
Abstraction-Learning,2024-02-04,0.0051167689969921736,Mistral-7B-Instruct-v0.1,Others,2023-09-27,False
Search-Load,2024-02-04,0.00506791693683109,Mistral-7B-Instruct-v0.1,Others,2023-09-27,False
Coding,2024-02-04,0.0,LLaMA-13B,Llama,2023-02-24,False
Science,2024-02-04,0.004809508763044598,gpt-4-0125-preview,GPT,2024-01-25,False
Quantitative-Formal,2024-02-15,0.005102922919950457,Mistral-7B-Instruct-v0.1,Others,2023-09-27,False
Logical-Control,2024-02-15,0.005114188613540814,Mistral-7B-Instruct-v0.1,Others,2023-09-27,False
Abstraction-Learning,2024-02-15,0.0051167689969921736,Mistral-7B-Instruct-v0.1,Others,2023-09-27,False
Search-Load,2024-02-15,0.00506791693683109,Mistral-7B-Instruct-v0.1,Others,2023-09-27,False
Coding,2024-02-15,0.0,LLaMA-13B,Llama,2023-02-24,False
Science,2024-02-15,0.004809508763044598,gpt-4-0125-preview,GPT,2024-01-25,False
Quantitative-Formal,2024-02-21,0.005102922919950457,Mistral-7B-Instruct-v0.1,Others,2023-09-27,False
Logical-Control,2024-02-21,0.005114188613540814,Mistral-7B-Instruct-v0.1,Others,2023-09-27,False
Abstraction-Learning,2024-02-21,0.0051167689969921736,Mistral-7B-Instruct-v0.1,Others,2023-09-27,False
Search-Load,2024-02-21,0.00506791693683109,Mistral-7B-Instruct-v0.1,Others,2023-09-27,False
Coding,2024-02-21,0.0,LLaMA-13B,Llama,2023-02-24,False
Science,2024-02-21,0.004809508763044598,gpt-4-0125-preview,GPT,2024-01-25,False
Quantitative-Formal,2024-02-29,0.005102922919950457,Mistral-7B-Instruct-v0.1,Others,2023-09-27,False
Logical-Control,2024-02-29,0.005114188613540814,Mistral-7B-Instruct-v0.1,Others,2023-09-27,False
Abstraction-Learning,2024-02-29,0.0051167689969921736,Mistral-7B-Instruct-v0.1,Others,2023-09-27,False
Search-Load,2024-02-29,0.00506791693683109,Mistral-7B-Instruct-v0.1,Others,2023-09-27,False
Coding,2024-02-29,0.0,LLaMA-13B,Llama,2023-02-24,False
Science,2024-02-29,0.004891821945518611,claude-3-opus-20240229,Claude,2024-02-29,True
Quantitative-Formal,2024-03-07,0.005102922919950457,Mistral-7B-Instruct-v0.1,Others,2023-09-27,False
Logical-Control,2024-03-07,0.005114188613540814,Mistral-7B-Instruct-v0.1,Others,2023-09-27,False
Abstraction-Learning,2024-03-07,0.0051167689969921736,Mistral-7B-Instruct-v0.1,Others,2023-09-27,False
Search-Load,2024-03-07,0.00506791693683109,Mistral-7B-Instruct-v0.1,Others,2023-09-27,False
Coding,2024-03-07,0.0,LLaMA-13B,Llama,2023-02-24,False
Science,2024-03-07,0.004891821945518611,claude-3-opus-20240229,Claude,2024-02-29,False
Quantitative-Formal,2024-04-03,0.005102922919950457,Mistral-7B-Instruct-v0.1,Others,2023-09-27,False
Logical-Control,2024-04-03,0.005114188613540814,Mistral-7B-Instruct-v0.1,Others,2023-09-27,False
Abstraction-Learning,2024-04-03,0.0051167689969921736,Mistral-7B-Instruct-v0.1,Others,2023-09-27,False
Search-Load,2024-04-03,0.00506791693683109,Mistral-7B-Instruct-v0.1,Others,2023-09-27,False
Coding,2024-04-03,0.0,LLaMA-13B,Llama,2023-02-24,False
Science,2024-04-03,0.004891821945518611,claude-3-opus-20240229,Claude,2024-02-29,False
Quantitative-Formal,2024-04-09,0.005102922919950457,Mistral-7B-Instruct-v0.1,Others,2023-09-27,False
Logical-Control,2024-04-09,0.005114188613540814,Mistral-7B-Instruct-v0.1,Others,2023-09-27,False
Abstraction-Learning,2024-04-09,0.0051167689969921736,Mistral-7B-Instruct-v0.1,Others,2023-09-27,False
Search-Load,2024-04-09,0.00506791693683109,Mistral-7B-Instruct-v0.1,Others,2023-09-27,False
Coding,2024-04-09,0.0,LLaMA-13B,Llama,2023-02-24,False
Science,2024-04-09,0.004891821945518611,claude-3-opus-20240229,Claude,2024-02-29,False
Quantitative-Formal,2024-04-17,0.005102922919950457,Mistral-7B-Instruct-v0.1,Others,2023-09-27,False
Logical-Control,2024-04-17,0.005114188613540814,Mistral-7B-Instruct-v0.1,Others,2023-09-27,False
Abstraction-Learning,2024-04-17,0.0051167689969921736,Mistral-7B-Instruct-v0.1,Others,2023-09-27,False
Search-Load,2024-04-17,0.00506791693683109,Mistral-7B-Instruct-v0.1,Others,2023-09-27,False
Coding,2024-04-17,0.0,LLaMA-13B,Llama,2023-02-24,False
Science,2024-04-17,0.004891821945518611,claude-3-opus-20240229,Claude,2024-02-29,False
Quantitative-Formal,2024-04-18,0.005102922919950457,Mistral-7B-Instruct-v0.1,Others,2023-09-27,False
Logical-Control,2024-04-18,0.005114188613540814,Mistral-7B-Instruct-v0.1,Others,2023-09-27,False
Abstraction-Learning,2024-04-18,0.0051167689969921736,Mistral-7B-Instruct-v0.1,Others,2023-09-27,False
Search-Load,2024-04-18,0.00506791693683109,Mistral-7B-Instruct-v0.1,Others,2023-09-27,False
Coding,2024-04-18,0.0,LLaMA-13B,Llama,2023-02-24,False
Science,2024-04-18,0.004891821945518611,claude-3-opus-20240229,Claude,2024-02-29,False
Quantitative-Formal,2024-04-23,0.005102922919950457,Mistral-7B-Instruct-v0.1,Others,2023-09-27,False
Logical-Control,2024-04-23,0.005114188613540814,Mistral-7B-Instruct-v0.1,Others,2023-09-27,False
Abstraction-Learning,2024-04-23,0.0051167689969921736,Mistral-7B-Instruct-v0.1,Others,2023-09-27,False
Search-Load,2024-04-23,0.00506791693683109,Mistral-7B-Instruct-v0.1,Others,2023-09-27,False
Coding,2024-04-23,0.0,LLaMA-13B,Llama,2023-02-24,False
Science,2024-04-23,0.004891821945518611,claude-3-opus-20240229,Claude,2024-02-29,False
Quantitative-Formal,2024-04-25,0.005102922919950457,Mistral-7B-Instruct-v0.1,Others,2023-09-27,False
Logical-Control,2024-04-25,0.005114188613540814,Mistral-7B-Instruct-v0.1,Others,2023-09-27,False
Abstraction-Learning,2024-04-25,0.0051167689969921736,Mistral-7B-Instruct-v0.1,Others,2023-09-27,False
Search-Load,2024-04-25,0.00506791693683109,Mistral-7B-Instruct-v0.1,Others,2023-09-27,False
Coding,2024-04-25,0.0,LLaMA-13B,Llama,2023-02-24,False
Science,2024-04-25,0.004891821945518611,claude-3-opus-20240229,Claude,2024-02-29,False
Quantitative-Formal,2024-05-05,0.005102922919950457,Mistral-7B-Instruct-v0.1,Others,2023-09-27,False
Logical-Control,2024-05-05,0.005114188613540814,Mistral-7B-Instruct-v0.1,Others,2023-09-27,False
Abstraction-Learning,2024-05-05,0.0051167689969921736,Mistral-7B-Instruct-v0.1,Others,2023-09-27,False
Search-Load,2024-05-05,0.00506791693683109,Mistral-7B-Instruct-v0.1,Others,2023-09-27,False
Coding,2024-05-05,0.0,LLaMA-13B,Llama,2023-02-24,False
Science,2024-05-05,0.004891821945518611,claude-3-opus-20240229,Claude,2024-02-29,False
Quantitative-Formal,2024-05-13,0.005102922919950457,Mistral-7B-Instruct-v0.1,Others,2023-09-27,False
Logical-Control,2024-05-13,0.005114188613540814,Mistral-7B-Instruct-v0.1,Others,2023-09-27,False
Abstraction-Learning,2024-05-13,0.0051167689969921736,Mistral-7B-Instruct-v0.1,Others,2023-09-27,False
Search-Load,2024-05-13,0.00506791693683109,Mistral-7B-Instruct-v0.1,Others,2023-09-27,False
Coding,2024-05-13,0.0,LLaMA-13B,Llama,2023-02-24,False
Science,2024-05-13,0.004891821945518611,claude-3-opus-20240229,Claude,2024-02-29,False
Quantitative-Formal,2024-05-23,0.005102922919950457,Mistral-7B-Instruct-v0.1,Others,2023-09-27,False
Logical-Control,2024-05-23,0.005114188613540814,Mistral-7B-Instruct-v0.1,Others,2023-09-27,False
Abstraction-Learning,2024-05-23,0.0051167689969921736,Mistral-7B-Instruct-v0.1,Others,2023-09-27,False
Search-Load,2024-05-23,0.00506791693683109,Mistral-7B-Instruct-v0.1,Others,2023-09-27,False
Coding,2024-05-23,0.0,LLaMA-13B,Llama,2023-02-24,False
Science,2024-05-23,0.004891821945518611,claude-3-opus-20240229,Claude,2024-02-29,False
Quantitative-Formal,2024-05-24,0.005504689809798802,gemini-1.5-pro-001,Gemini,2024-05-24,True
Logical-Control,2024-05-24,0.005482046990596746,gemini-1.5-pro-001,Gemini,2024-05-24,True
Abstraction-Learning,2024-05-24,0.005463645992207695,gemini-1.5-pro-001,Gemini,2024-05-24,True
Search-Load,2024-05-24,0.005421171731143532,gemini-1.5-pro-001,Gemini,2024-05-24,True
Coding,2024-05-24,0.0,LLaMA-13B,Llama,2023-02-24,False
Science,2024-05-24,0.005806128323412116,gemini-1.5-pro-001,Gemini,2024-05-24,True
Quantitative-Formal,2024-06-07,0.005504689809798802,gemini-1.5-pro-001,Gemini,2024-05-24,False
Logical-Control,2024-06-07,0.005482046990596746,gemini-1.5-pro-001,Gemini,2024-05-24,False
Abstraction-Learning,2024-06-07,0.005463645992207695,gemini-1.5-pro-001,Gemini,2024-05-24,False
Search-Load,2024-06-07,0.005421171731143532,gemini-1.5-pro-001,Gemini,2024-05-24,False
Coding,2024-06-07,0.0,LLaMA-13B,Llama,2023-02-24,False
Science,2024-06-07,0.005806128323412116,gemini-1.5-pro-001,Gemini,2024-05-24,False
Quantitative-Formal,2024-06-20,0.005504689809798802,gemini-1.5-pro-001,Gemini,2024-05-24,False
Logical-Control,2024-06-20,0.005482046990596746,gemini-1.5-pro-001,Gemini,2024-05-24,False
Abstraction-Learning,2024-06-20,0.005463645992207695,gemini-1.5-pro-001,Gemini,2024-05-24,False
Search-Load,2024-06-20,0.005421171731143532,gemini-1.5-pro-001,Gemini,2024-05-24,False
Coding,2024-06-20,0.0,LLaMA-13B,Llama,2023-02-24,False
Science,2024-06-20,0.005806128323412116,gemini-1.5-pro-001,Gemini,2024-05-24,False
Quantitative-Formal,2024-06-24,0.005504689809798802,gemini-1.5-pro-001,Gemini,2024-05-24,False
Logical-Control,2024-06-24,0.005482046990596746,gemini-1.5-pro-001,Gemini,2024-05-24,False
Abstraction-Learning,2024-06-24,0.005463645992207695,gemini-1.5-pro-001,Gemini,2024-05-24,False
Search-Load,2024-06-24,0.005421171731143532,gemini-1.5-pro-001,Gemini,2024-05-24,False
Coding,2024-06-24,0.0,LLaMA-13B,Llama,2023-02-24,False
Science,2024-06-24,0.005806128323412116,gemini-1.5-pro-001,Gemini,2024-05-24,False
Quantitative-Formal,2024-07-18,0.005504689809798802,gemini-1.5-pro-001,Gemini,2024-05-24,False
Logical-Control,2024-07-18,0.005482046990596746,gemini-1.5-pro-001,Gemini,2024-05-24,False
Abstraction-Learning,2024-07-18,0.005463645992207695,gemini-1.5-pro-001,Gemini,2024-05-24,False
Search-Load,2024-07-18,0.005421171731143532,gemini-1.5-pro-001,Gemini,2024-05-24,False
Coding,2024-07-18,0.0,LLaMA-13B,Llama,2023-02-24,False
Science,2024-07-18,0.005806128323412116,gemini-1.5-pro-001,Gemini,2024-05-24,False
Quantitative-Formal,2024-07-23,0.005504689809798802,gemini-1.5-pro-001,Gemini,2024-05-24,False
Logical-Control,2024-07-23,0.005482046990596746,gemini-1.5-pro-001,Gemini,2024-05-24,False
Abstraction-Learning,2024-07-23,0.005463645992207695,gemini-1.5-pro-001,Gemini,2024-05-24,False
Search-Load,2024-07-23,0.005421171731143532,gemini-1.5-pro-001,Gemini,2024-05-24,False
Coding,2024-07-23,0.0,LLaMA-13B,Llama,2023-02-24,False
Science,2024-07-23,0.005806128323412116,gemini-1.5-pro-001,Gemini,2024-05-24,False
Quantitative-Formal,2024-08-06,0.005504689809798802,gemini-1.5-pro-001,Gemini,2024-05-24,False
Logical-Control,2024-08-06,0.005482046990596746,gemini-1.5-pro-001,Gemini,2024-05-24,False
Abstraction-Learning,2024-08-06,0.005463645992207695,gemini-1.5-pro-001,Gemini,2024-05-24,False
Search-Load,2024-08-06,0.005421171731143532,gemini-1.5-pro-001,Gemini,2024-05-24,False
Coding,2024-08-06,0.0,LLaMA-13B,Llama,2023-02-24,False
Science,2024-08-06,0.005806128323412116,gemini-1.5-pro-001,Gemini,2024-05-24,False
Quantitative-Formal,2024-08-13,0.005504689809798802,gemini-1.5-pro-001,Gemini,2024-05-24,False
Logical-Control,2024-08-13,0.005482046990596746,gemini-1.5-pro-001,Gemini,2024-05-24,False
Abstraction-Learning,2024-08-13,0.005463645992207695,gemini-1.5-pro-001,Gemini,2024-05-24,False
Search-Load,2024-08-13,0.005421171731143532,gemini-1.5-pro-001,Gemini,2024-05-24,False
Coding,2024-08-13,0.0,LLaMA-13B,Llama,2023-02-24,False
Science,2024-08-13,0.005806128323412116,gemini-1.5-pro-001,Gemini,2024-05-24,False
Quantitative-Formal,2024-08-16,0.005504689809798802,gemini-1.5-pro-001,Gemini,2024-05-24,False
Logical-Control,2024-08-16,0.005482046990596746,gemini-1.5-pro-001,Gemini,2024-05-24,False
Abstraction-Learning,2024-08-16,0.005463645992207695,gemini-1.5-pro-001,Gemini,2024-05-24,False
Search-Load,2024-08-16,0.005421171731143532,gemini-1.5-pro-001,Gemini,2024-05-24,False
Coding,2024-08-16,0.0,LLaMA-13B,Llama,2023-02-24,False
Science,2024-08-16,0.005806128323412116,gemini-1.5-pro-001,Gemini,2024-05-24,False
Quantitative-Formal,2024-08-17,0.005504689809798802,gemini-1.5-pro-001,Gemini,2024-05-24,False
Logical-Control,2024-08-17,0.005482046990596746,gemini-1.5-pro-001,Gemini,2024-05-24,False
Abstraction-Learning,2024-08-17,0.005463645992207695,gemini-1.5-pro-001,Gemini,2024-05-24,False
Search-Load,2024-08-17,0.005421171731143532,gemini-1.5-pro-001,Gemini,2024-05-24,False
Coding,2024-08-17,0.0,LLaMA-13B,Llama,2023-02-24,False
Science,2024-08-17,0.005806128323412116,gemini-1.5-pro-001,Gemini,2024-05-24,False
Quantitative-Formal,2024-08-30,0.005504689809798802,gemini-1.5-pro-001,Gemini,2024-05-24,False
Logical-Control,2024-08-30,0.005482046990596746,gemini-1.5-pro-001,Gemini,2024-05-24,False
Abstraction-Learning,2024-08-30,0.005463645992207695,gemini-1.5-pro-001,Gemini,2024-05-24,False
Search-Load,2024-08-30,0.005421171731143532,gemini-1.5-pro-001,Gemini,2024-05-24,False
Coding,2024-08-30,0.0,LLaMA-13B,Llama,2023-02-24,False
Science,2024-08-30,0.005806128323412116,gemini-1.5-pro-001,Gemini,2024-05-24,False
Quantitative-Formal,2024-09-05,0.005504689809798802,gemini-1.5-pro-001,Gemini,2024-05-24,False
Logical-Control,2024-09-05,0.005482046990596746,gemini-1.5-pro-001,Gemini,2024-05-24,False
Abstraction-Learning,2024-09-05,0.005463645992207695,gemini-1.5-pro-001,Gemini,2024-05-24,False
Search-Load,2024-09-05,0.005421171731143532,gemini-1.5-pro-001,Gemini,2024-05-24,False
Coding,2024-09-05,0.0,LLaMA-13B,Llama,2023-02-24,False
Science,2024-09-05,0.005806128323412116,gemini-1.5-pro-001,Gemini,2024-05-24,False
Quantitative-Formal,2024-09-06,0.005504689809798802,gemini-1.5-pro-001,Gemini,2024-05-24,False
Logical-Control,2024-09-06,0.005482046990596746,gemini-1.5-pro-001,Gemini,2024-05-24,False
Abstraction-Learning,2024-09-06,0.005463645992207695,gemini-1.5-pro-001,Gemini,2024-05-24,False
Search-Load,2024-09-06,0.005421171731143532,gemini-1.5-pro-001,Gemini,2024-05-24,False
Coding,2024-09-06,0.0,LLaMA-13B,Llama,2023-02-24,False
Science,2024-09-06,0.005806128323412116,gemini-1.5-pro-001,Gemini,2024-05-24,False
Quantitative-Formal,2024-09-10,0.005504689809798802,gemini-1.5-pro-001,Gemini,2024-05-24,False
Logical-Control,2024-09-10,0.005482046990596746,gemini-1.5-pro-001,Gemini,2024-05-24,False
Abstraction-Learning,2024-09-10,0.005463645992207695,gemini-1.5-pro-001,Gemini,2024-05-24,False
Search-Load,2024-09-10,0.005421171731143532,gemini-1.5-pro-001,Gemini,2024-05-24,False
Coding,2024-09-10,0.0,LLaMA-13B,Llama,2023-02-24,False
Science,2024-09-10,0.005806128323412116,gemini-1.5-pro-001,Gemini,2024-05-24,False
Quantitative-Formal,2024-09-12,0.005504689809798802,gemini-1.5-pro-001,Gemini,2024-05-24,False
Logical-Control,2024-09-12,0.005482046990596746,gemini-1.5-pro-001,Gemini,2024-05-24,False
Abstraction-Learning,2024-09-12,0.005463645992207695,gemini-1.5-pro-001,Gemini,2024-05-24,False
Search-Load,2024-09-12,0.005421171731143532,gemini-1.5-pro-001,Gemini,2024-05-24,False
Coding,2024-09-12,0.0,LLaMA-13B,Llama,2023-02-24,False
Science,2024-09-12,0.005806128323412116,gemini-1.5-pro-001,Gemini,2024-05-24,False
Quantitative-Formal,2024-09-17,0.005504689809798802,gemini-1.5-pro-001,Gemini,2024-05-24,False
Logical-Control,2024-09-17,0.005482046990596746,gemini-1.5-pro-001,Gemini,2024-05-24,False
Abstraction-Learning,2024-09-17,0.005463645992207695,gemini-1.5-pro-001,Gemini,2024-05-24,False
Search-Load,2024-09-17,0.005421171731143532,gemini-1.5-pro-001,Gemini,2024-05-24,False
Coding,2024-09-17,0.0,LLaMA-13B,Llama,2023-02-24,False
Science,2024-09-17,0.005806128323412116,gemini-1.5-pro-001,Gemini,2024-05-24,False
Quantitative-Formal,2024-09-19,0.005504689809798802,gemini-1.5-pro-001,Gemini,2024-05-24,False
Logical-Control,2024-09-19,0.005482046990596746,gemini-1.5-pro-001,Gemini,2024-05-24,False
Abstraction-Learning,2024-09-19,0.005463645992207695,gemini-1.5-pro-001,Gemini,2024-05-24,False
Search-Load,2024-09-19,0.005421171731143532,gemini-1.5-pro-001,Gemini,2024-05-24,False
Coding,2024-09-19,0.0,LLaMA-13B,Llama,2023-02-24,False
Science,2024-09-19,0.005806128323412116,gemini-1.5-pro-001,Gemini,2024-05-24,False
Quantitative-Formal,2024-09-24,0.005504689809798802,gemini-1.5-pro-001,Gemini,2024-05-24,False
Logical-Control,2024-09-24,0.005482046990596746,gemini-1.5-pro-001,Gemini,2024-05-24,False
Abstraction-Learning,2024-09-24,0.005463645992207695,gemini-1.5-pro-001,Gemini,2024-05-24,False
Search-Load,2024-09-24,0.005421171731143532,gemini-1.5-pro-001,Gemini,2024-05-24,False
Coding,2024-09-24,0.0,LLaMA-13B,Llama,2023-02-24,False
Science,2024-09-24,0.005806128323412116,gemini-1.5-pro-001,Gemini,2024-05-24,False
Quantitative-Formal,2024-10-03,0.007352925362822457,gemini-1.5-flash-8b-001,Gemini,2024-10-03,True
Logical-Control,2024-10-03,0.007213528467182676,gemini-1.5-flash-8b-001,Gemini,2024-10-03,True
Abstraction-Learning,2024-10-03,0.0072442003624780295,gemini-1.5-flash-8b-001,Gemini,2024-10-03,True
Search-Load,2024-10-03,0.007213667500776423,gemini-1.5-flash-8b-001,Gemini,2024-10-03,True
Coding,2024-10-03,0.0,LLaMA-13B,Llama,2023-02-24,False
Science,2024-10-03,0.00825681108302067,gemini-1.5-flash-8b-001,Gemini,2024-10-03,True
Quantitative-Formal,2024-10-16,0.007352925362822457,gemini-1.5-flash-8b-001,Gemini,2024-10-03,False
Logical-Control,2024-10-16,0.007213528467182676,gemini-1.5-flash-8b-001,Gemini,2024-10-03,False
Abstraction-Learning,2024-10-16,0.0072442003624780295,gemini-1.5-flash-8b-001,Gemini,2024-10-03,False
Search-Load,2024-10-16,0.007213667500776423,gemini-1.5-flash-8b-001,Gemini,2024-10-03,False
Coding,2024-10-16,0.0,LLaMA-13B,Llama,2023-02-24,False
Science,2024-10-16,0.00825681108302067,gemini-1.5-flash-8b-001,Gemini,2024-10-03,False
Quantitative-Formal,2024-10-22,0.007352925362822457,gemini-1.5-flash-8b-001,Gemini,2024-10-03,False
Logical-Control,2024-10-22,0.007213528467182676,gemini-1.5-flash-8b-001,Gemini,2024-10-03,False
Abstraction-Learning,2024-10-22,0.0072442003624780295,gemini-1.5-flash-8b-001,Gemini,2024-10-03,False
Search-Load,2024-10-22,0.007213667500776423,gemini-1.5-flash-8b-001,Gemini,2024-10-03,False
Coding,2024-10-22,0.0,LLaMA-13B,Llama,2023-02-24,False
Science,2024-10-22,0.00825681108302067,gemini-1.5-flash-8b-001,Gemini,2024-10-03,False
Quantitative-Formal,2024-11-20,0.007352925362822457,gemini-1.5-flash-8b-001,Gemini,2024-10-03,False
Logical-Control,2024-11-20,0.007213528467182676,gemini-1.5-flash-8b-001,Gemini,2024-10-03,False
Abstraction-Learning,2024-11-20,0.0072442003624780295,gemini-1.5-flash-8b-001,Gemini,2024-10-03,False
Search-Load,2024-11-20,0.007213667500776423,gemini-1.5-flash-8b-001,Gemini,2024-10-03,False
Coding,2024-11-20,0.0,LLaMA-13B,Llama,2023-02-24,False
Science,2024-11-20,0.00825681108302067,gemini-1.5-flash-8b-001,Gemini,2024-10-03,False
Quantitative-Formal,2024-11-21,0.007352925362822457,gemini-1.5-flash-8b-001,Gemini,2024-10-03,False
Logical-Control,2024-11-21,0.007213528467182676,gemini-1.5-flash-8b-001,Gemini,2024-10-03,False
Abstraction-Learning,2024-11-21,0.0072442003624780295,gemini-1.5-flash-8b-001,Gemini,2024-10-03,False
Search-Load,2024-11-21,0.007213667500776423,gemini-1.5-flash-8b-001,Gemini,2024-10-03,False
Coding,2024-11-21,0.0,LLaMA-13B,Llama,2023-02-24,False
Science,2024-11-21,0.00825681108302067,gemini-1.5-flash-8b-001,Gemini,2024-10-03,False
Quantitative-Formal,2024-11-28,0.007352925362822457,gemini-1.5-flash-8b-001,Gemini,2024-10-03,False
Logical-Control,2024-11-28,0.007213528467182676,gemini-1.5-flash-8b-001,Gemini,2024-10-03,False
Abstraction-Learning,2024-11-28,0.0072442003624780295,gemini-1.5-flash-8b-001,Gemini,2024-10-03,False
Search-Load,2024-11-28,0.007213667500776423,gemini-1.5-flash-8b-001,Gemini,2024-10-03,False
Coding,2024-11-28,0.0,LLaMA-13B,Llama,2023-02-24,False
Science,2024-11-28,0.00825681108302067,gemini-1.5-flash-8b-001,Gemini,2024-10-03,False
Quantitative-Formal,2024-12-03,0.007352925362822457,gemini-1.5-flash-8b-001,Gemini,2024-10-03,False
Logical-Control,2024-12-03,0.007213528467182676,gemini-1.5-flash-8b-001,Gemini,2024-10-03,False
Abstraction-Learning,2024-12-03,0.0072442003624780295,gemini-1.5-flash-8b-001,Gemini,2024-10-03,False
Search-Load,2024-12-03,0.007213667500776423,gemini-1.5-flash-8b-001,Gemini,2024-10-03,False
Coding,2024-12-03,0.0,LLaMA-13B,Llama,2023-02-24,False
Science,2024-12-03,0.00825681108302067,gemini-1.5-flash-8b-001,Gemini,2024-10-03,False
Quantitative-Formal,2024-12-06,0.007352925362822457,gemini-1.5-flash-8b-001,Gemini,2024-10-03,False
Logical-Control,2024-12-06,0.007213528467182676,gemini-1.5-flash-8b-001,Gemini,2024-10-03,False
Abstraction-Learning,2024-12-06,0.0072442003624780295,gemini-1.5-flash-8b-001,Gemini,2024-10-03,False
Search-Load,2024-12-06,0.007213667500776423,gemini-1.5-flash-8b-001,Gemini,2024-10-03,False
Coding,2024-12-06,0.0,LLaMA-13B,Llama,2023-02-24,False
Science,2024-12-06,0.00825681108302067,gemini-1.5-flash-8b-001,Gemini,2024-10-03,False
Quantitative-Formal,2024-12-12,0.007352925362822457,gemini-1.5-flash-8b-001,Gemini,2024-10-03,False
Logical-Control,2024-12-12,0.007213528467182676,gemini-1.5-flash-8b-001,Gemini,2024-10-03,False
Abstraction-Learning,2024-12-12,0.0072442003624780295,gemini-1.5-flash-8b-001,Gemini,2024-10-03,False
Search-Load,2024-12-12,0.007213667500776423,gemini-1.5-flash-8b-001,Gemini,2024-10-03,False
Coding,2024-12-12,0.0,LLaMA-13B,Llama,2023-02-24,False
Science,2024-12-12,0.00825681108302067,gemini-1.5-flash-8b-001,Gemini,2024-10-03,False
Quantitative-Formal,2024-12-17,0.007352925362822457,gemini-1.5-flash-8b-001,Gemini,2024-10-03,False
Logical-Control,2024-12-17,0.007213528467182676,gemini-1.5-flash-8b-001,Gemini,2024-10-03,False
Abstraction-Learning,2024-12-17,0.0072442003624780295,gemini-1.5-flash-8b-001,Gemini,2024-10-03,False
Search-Load,2024-12-17,0.007213667500776423,gemini-1.5-flash-8b-001,Gemini,2024-10-03,False
Coding,2024-12-17,0.0,LLaMA-13B,Llama,2023-02-24,False
Science,2024-12-17,0.00825681108302067,gemini-1.5-flash-8b-001,Gemini,2024-10-03,False
Quantitative-Formal,2024-12-26,0.007352925362822457,gemini-1.5-flash-8b-001,Gemini,2024-10-03,False
Logical-Control,2024-12-26,0.007213528467182676,gemini-1.5-flash-8b-001,Gemini,2024-10-03,False
Abstraction-Learning,2024-12-26,0.0072442003624780295,gemini-1.5-flash-8b-001,Gemini,2024-10-03,False
Search-Load,2024-12-26,0.007213667500776423,gemini-1.5-flash-8b-001,Gemini,2024-10-03,False
Coding,2024-12-26,0.0,LLaMA-13B,Llama,2023-02-24,False
Science,2024-12-26,0.00825681108302067,gemini-1.5-flash-8b-001,Gemini,2024-10-03,False
Quantitative-Formal,2025-01-20,0.007352925362822457,gemini-1.5-flash-8b-001,Gemini,2024-10-03,False
Logical-Control,2025-01-20,0.007213528467182676,gemini-1.5-flash-8b-001,Gemini,2024-10-03,False
Abstraction-Learning,2025-01-20,0.0072442003624780295,gemini-1.5-flash-8b-001,Gemini,2024-10-03,False
Search-Load,2025-01-20,0.007213667500776423,gemini-1.5-flash-8b-001,Gemini,2024-10-03,False
Coding,2025-01-20,0.0,LLaMA-13B,Llama,2023-02-24,False
Science,2025-01-20,0.00825681108302067,gemini-1.5-flash-8b-001,Gemini,2024-10-03,False
Quantitative-Formal,2025-01-31,0.007352925362822457,gemini-1.5-flash-8b-001,Gemini,2024-10-03,False
Logical-Control,2025-01-31,0.007213528467182676,gemini-1.5-flash-8b-001,Gemini,2024-10-03,False
Abstraction-Learning,2025-01-31,0.0072442003624780295,gemini-1.5-flash-8b-001,Gemini,2024-10-03,False
Search-Load,2025-01-31,0.007213667500776423,gemini-1.5-flash-8b-001,Gemini,2024-10-03,False
Coding,2025-01-31,0.0,LLaMA-13B,Llama,2023-02-24,False
Science,2025-01-31,0.00825681108302067,gemini-1.5-flash-8b-001,Gemini,2024-10-03,False
Quantitative-Formal,2025-02-05,0.007352925362822457,gemini-1.5-flash-8b-001,Gemini,2024-10-03,False
Logical-Control,2025-02-05,0.007213528467182676,gemini-1.5-flash-8b-001,Gemini,2024-10-03,False
Abstraction-Learning,2025-02-05,0.0072442003624780295,gemini-1.5-flash-8b-001,Gemini,2024-10-03,False
Search-Load,2025-02-05,0.007213667500776423,gemini-1.5-flash-8b-001,Gemini,2024-10-03,False
Coding,2025-02-05,0.0,LLaMA-13B,Llama,2023-02-24,False
Science,2025-02-05,0.00825681108302067,gemini-1.5-flash-8b-001,Gemini,2024-10-03,False
Quantitative-Formal,2025-02-24,0.007352925362822457,gemini-1.5-flash-8b-001,Gemini,2024-10-03,False
Logical-Control,2025-02-24,0.007213528467182676,gemini-1.5-flash-8b-001,Gemini,2024-10-03,False
Abstraction-Learning,2025-02-24,0.0072442003624780295,gemini-1.5-flash-8b-001,Gemini,2024-10-03,False
Search-Load,2025-02-24,0.007213667500776423,gemini-1.5-flash-8b-001,Gemini,2024-10-03,False
Coding,2025-02-24,0.0,LLaMA-13B,Llama,2023-02-24,False
Science,2025-02-24,0.00825681108302067,gemini-1.5-flash-8b-001,Gemini,2024-10-03,False
Quantitative-Formal,2025-02-25,0.007352925362822457,gemini-1.5-flash-8b-001,Gemini,2024-10-03,False
Logical-Control,2025-02-25,0.007213528467182676,gemini-1.5-flash-8b-001,Gemini,2024-10-03,False
Abstraction-Learning,2025-02-25,0.0072442003624780295,gemini-1.5-flash-8b-001,Gemini,2024-10-03,False
Search-Load,2025-02-25,0.007213667500776423,gemini-1.5-flash-8b-001,Gemini,2024-10-03,False
Coding,2025-02-25,0.0,LLaMA-13B,Llama,2023-02-24,False
Science,2025-02-25,0.00825681108302067,gemini-1.5-flash-8b-001,Gemini,2024-10-03,False
Quantitative-Formal,2025-02-26,0.007352925362822457,gemini-1.5-flash-8b-001,Gemini,2024-10-03,False
Logical-Control,2025-02-26,0.007213528467182676,gemini-1.5-flash-8b-001,Gemini,2024-10-03,False
Abstraction-Learning,2025-02-26,0.0072442003624780295,gemini-1.5-flash-8b-001,Gemini,2024-10-03,False
Search-Load,2025-02-26,0.007213667500776423,gemini-1.5-flash-8b-001,Gemini,2024-10-03,False
Coding,2025-02-26,0.0,LLaMA-13B,Llama,2023-02-24,False
Science,2025-02-26,0.00825681108302067,gemini-1.5-flash-8b-001,Gemini,2024-10-03,False
Quantitative-Formal,2025-02-27,0.007352925362822457,gemini-1.5-flash-8b-001,Gemini,2024-10-03,False
Logical-Control,2025-02-27,0.007213528467182676,gemini-1.5-flash-8b-001,Gemini,2024-10-03,False
Abstraction-Learning,2025-02-27,0.0072442003624780295,gemini-1.5-flash-8b-001,Gemini,2024-10-03,False
Search-Load,2025-02-27,0.007213667500776423,gemini-1.5-flash-8b-001,Gemini,2024-10-03,False
Coding,2025-02-27,0.0,LLaMA-13B,Llama,2023-02-24,False
Science,2025-02-27,0.00825681108302067,gemini-1.5-flash-8b-001,Gemini,2024-10-03,False
Quantitative-Formal,2025-03-05,0.007352925362822457,gemini-1.5-flash-8b-001,Gemini,2024-10-03,False
Logical-Control,2025-03-05,0.007213528467182676,gemini-1.5-flash-8b-001,Gemini,2024-10-03,False
Abstraction-Learning,2025-03-05,0.0072442003624780295,gemini-1.5-flash-8b-001,Gemini,2024-10-03,False
Search-Load,2025-03-05,0.007213667500776423,gemini-1.5-flash-8b-001,Gemini,2024-10-03,False
Coding,2025-03-05,0.0,LLaMA-13B,Llama,2023-02-24,False
Science,2025-03-05,0.00825681108302067,gemini-1.5-flash-8b-001,Gemini,2024-10-03,False
Quantitative-Formal,2025-03-12,0.007352925362822457,gemini-1.5-flash-8b-001,Gemini,2024-10-03,False
Logical-Control,2025-03-12,0.007213528467182676,gemini-1.5-flash-8b-001,Gemini,2024-10-03,False
Abstraction-Learning,2025-03-12,0.0072442003624780295,gemini-1.5-flash-8b-001,Gemini,2024-10-03,False
Search-Load,2025-03-12,0.007213667500776423,gemini-1.5-flash-8b-001,Gemini,2024-10-03,False
Coding,2025-03-12,0.0,LLaMA-13B,Llama,2023-02-24,False
Science,2025-03-12,0.00825681108302067,gemini-1.5-flash-8b-001,Gemini,2024-10-03,False
Quantitative-Formal,2025-03-17,0.007352925362822457,gemini-1.5-flash-8b-001,Gemini,2024-10-03,False
Logical-Control,2025-03-17,0.007213528467182676,gemini-1.5-flash-8b-001,Gemini,2024-10-03,False
Abstraction-Learning,2025-03-17,0.0072442003624780295,gemini-1.5-flash-8b-001,Gemini,2024-10-03,False
Search-Load,2025-03-17,0.007213667500776423,gemini-1.5-flash-8b-001,Gemini,2024-10-03,False
Coding,2025-03-17,0.0,LLaMA-13B,Llama,2023-02-24,False
Science,2025-03-17,0.00825681108302067,gemini-1.5-flash-8b-001,Gemini,2024-10-03,False
Quantitative-Formal,2025-03-24,0.007352925362822457,gemini-1.5-flash-8b-001,Gemini,2024-10-03,False
Logical-Control,2025-03-24,0.007213528467182676,gemini-1.5-flash-8b-001,Gemini,2024-10-03,False
Abstraction-Learning,2025-03-24,0.0072442003624780295,gemini-1.5-flash-8b-001,Gemini,2024-10-03,False
Search-Load,2025-03-24,0.007213667500776423,gemini-1.5-flash-8b-001,Gemini,2024-10-03,False
Coding,2025-03-24,0.0,LLaMA-13B,Llama,2023-02-24,False
Science,2025-03-24,0.00825681108302067,gemini-1.5-flash-8b-001,Gemini,2024-10-03,False
Quantitative-Formal,2025-03-25,0.007352925362822457,gemini-1.5-flash-8b-001,Gemini,2024-10-03,False
Logical-Control,2025-03-25,0.007213528467182676,gemini-1.5-flash-8b-001,Gemini,2024-10-03,False
Abstraction-Learning,2025-03-25,0.0072442003624780295,gemini-1.5-flash-8b-001,Gemini,2024-10-03,False
Search-Load,2025-03-25,0.007213667500776423,gemini-1.5-flash-8b-001,Gemini,2024-10-03,False
Coding,2025-03-25,0.0,LLaMA-13B,Llama,2023-02-24,False
Science,2025-03-25,0.00825681108302067,gemini-1.5-flash-8b-001,Gemini,2024-10-03,False
Quantitative-Formal,2025-03-31,0.007352925362822457,gemini-1.5-flash-8b-001,Gemini,2024-10-03,False
Logical-Control,2025-03-31,0.007213528467182676,gemini-1.5-flash-8b-001,Gemini,2024-10-03,False
Abstraction-Learning,2025-03-31,0.0072442003624780295,gemini-1.5-flash-8b-001,Gemini,2024-10-03,False
Search-Load,2025-03-31,0.007213667500776423,gemini-1.5-flash-8b-001,Gemini,2024-10-03,False
Coding,2025-03-31,0.0,LLaMA-13B,Llama,2023-02-24,False
Science,2025-03-31,0.00825681108302067,gemini-1.5-flash-8b-001,Gemini,2024-10-03,False
Quantitative-Formal,2025-04-05,0.007352925362822457,gemini-1.5-flash-8b-001,Gemini,2024-10-03,False
Logical-Control,2025-04-05,0.007213528467182676,gemini-1.5-flash-8b-001,Gemini,2024-10-03,False
Abstraction-Learning,2025-04-05,0.0072442003624780295,gemini-1.5-flash-8b-001,Gemini,2024-10-03,False
Search-Load,2025-04-05,0.007213667500776423,gemini-1.5-flash-8b-001,Gemini,2024-10-03,False
Coding,2025-04-05,0.0,LLaMA-13B,Llama,2023-02-24,False
Science,2025-04-05,0.00825681108302067,gemini-1.5-flash-8b-001,Gemini,2024-10-03,False
Quantitative-Formal,2025-04-09,0.007352925362822457,gemini-1.5-flash-8b-001,Gemini,2024-10-03,False
Logical-Control,2025-04-09,0.007213528467182676,gemini-1.5-flash-8b-001,Gemini,2024-10-03,False
Abstraction-Learning,2025-04-09,0.0072442003624780295,gemini-1.5-flash-8b-001,Gemini,2024-10-03,False
Search-Load,2025-04-09,0.007213667500776423,gemini-1.5-flash-8b-001,Gemini,2024-10-03,False
Coding,2025-04-09,0.0,LLaMA-13B,Llama,2023-02-24,False
Science,2025-04-09,0.00825681108302067,gemini-1.5-flash-8b-001,Gemini,2024-10-03,False
Quantitative-Formal,2025-04-14,0.007352925362822457,gemini-1.5-flash-8b-001,Gemini,2024-10-03,False
Logical-Control,2025-04-14,0.007213528467182676,gemini-1.5-flash-8b-001,Gemini,2024-10-03,False
Abstraction-Learning,2025-04-14,0.0072442003624780295,gemini-1.5-flash-8b-001,Gemini,2024-10-03,False
Search-Load,2025-04-14,0.007213667500776423,gemini-1.5-flash-8b-001,Gemini,2024-10-03,False
Coding,2025-04-14,0.0,LLaMA-13B,Llama,2023-02-24,False
Science,2025-04-14,0.00825681108302067,gemini-1.5-flash-8b-001,Gemini,2024-10-03,False
Quantitative-Formal,2025-04-16,0.008644385754264211,o3-2025-04-16_medium,GPT,2025-04-16,True
Logical-Control,2025-04-16,0.008803421174403917,o3-2025-04-16_medium,GPT,2025-04-16,True
Abstraction-Learning,2025-04-16,0.008713482896876156,o3-2025-04-16_medium,GPT,2025-04-16,True
Search-Load,2025-04-16,0.00852534344753294,o3-2025-04-16_medium,GPT,2025-04-16,True
Coding,2025-04-16,0.0,LLaMA-13B,Llama,2023-02-24,False
Science,2025-04-16,0.00825681108302067,gemini-1.5-flash-8b-001,Gemini,2024-10-03,False
Quantitative-Formal,2025-04-29,0.008644385754264211,o3-2025-04-16_medium,GPT,2025-04-16,False
Logical-Control,2025-04-29,0.008803421174403917,o3-2025-04-16_medium,GPT,2025-04-16,False
Abstraction-Learning,2025-04-29,0.008713482896876156,o3-2025-04-16_medium,GPT,2025-04-16,False
Search-Load,2025-04-29,0.00852534344753294,o3-2025-04-16_medium,GPT,2025-04-16,False
Coding,2025-04-29,0.0,LLaMA-13B,Llama,2023-02-24,False
Science,2025-04-29,0.00825681108302067,gemini-1.5-flash-8b-001,Gemini,2024-10-03,False
Quantitative-Formal,2025-05-06,0.008644385754264211,o3-2025-04-16_medium,GPT,2025-04-16,False
Logical-Control,2025-05-06,0.008803421174403917,o3-2025-04-16_medium,GPT,2025-04-16,False
Abstraction-Learning,2025-05-06,0.008713482896876156,o3-2025-04-16_medium,GPT,2025-04-16,False
Search-Load,2025-05-06,0.00852534344753294,o3-2025-04-16_medium,GPT,2025-04-16,False
Coding,2025-05-06,0.0,LLaMA-13B,Llama,2023-02-24,False
Science,2025-05-06,0.00825681108302067,gemini-1.5-flash-8b-001,Gemini,2024-10-03,False
Quantitative-Formal,2025-05-15,0.008644385754264211,o3-2025-04-16_medium,GPT,2025-04-16,False
Logical-Control,2025-05-15,0.008803421174403917,o3-2025-04-16_medium,GPT,2025-04-16,False
Abstraction-Learning,2025-05-15,0.008713482896876156,o3-2025-04-16_medium,GPT,2025-04-16,False
Search-Load,2025-05-15,0.00852534344753294,o3-2025-04-16_medium,GPT,2025-04-16,False
Coding,2025-05-15,0.0,LLaMA-13B,Llama,2023-02-24,False
Science,2025-05-15,0.00825681108302067,gemini-1.5-flash-8b-001,Gemini,2024-10-03,False
Quantitative-Formal,2025-05-20,0.008644385754264211,o3-2025-04-16_medium,GPT,2025-04-16,False
Logical-Control,2025-05-20,0.008803421174403917,o3-2025-04-16_medium,GPT,2025-04-16,False
Abstraction-Learning,2025-05-20,0.008713482896876156,o3-2025-04-16_medium,GPT,2025-04-16,False
Search-Load,2025-05-20,0.00852534344753294,o3-2025-04-16_medium,GPT,2025-04-16,False
Coding,2025-05-20,0.0,LLaMA-13B,Llama,2023-02-24,False
Science,2025-05-20,0.00825681108302067,gemini-1.5-flash-8b-001,Gemini,2024-10-03,False
Quantitative-Formal,2025-05-22,0.008644385754264211,o3-2025-04-16_medium,GPT,2025-04-16,False
Logical-Control,2025-05-22,0.008803421174403917,o3-2025-04-16_medium,GPT,2025-04-16,False
Abstraction-Learning,2025-05-22,0.008713482896876156,o3-2025-04-16_medium,GPT,2025-04-16,False
Search-Load,2025-05-22,0.00852534344753294,o3-2025-04-16_medium,GPT,2025-04-16,False
Coding,2025-05-22,0.0,LLaMA-13B,Llama,2023-02-24,False
Science,2025-05-22,0.00825681108302067,gemini-1.5-flash-8b-001,Gemini,2024-10-03,False
Quantitative-Formal,2025-05-28,0.008644385754264211,o3-2025-04-16_medium,GPT,2025-04-16,False
Logical-Control,2025-05-28,0.008803421174403917,o3-2025-04-16_medium,GPT,2025-04-16,False
Abstraction-Learning,2025-05-28,0.008713482896876156,o3-2025-04-16_medium,GPT,2025-04-16,False
Search-Load,2025-05-28,0.00852534344753294,o3-2025-04-16_medium,GPT,2025-04-16,False
Coding,2025-05-28,0.0,LLaMA-13B,Llama,2023-02-24,False
Science,2025-05-28,0.00825681108302067,gemini-1.5-flash-8b-001,Gemini,2024-10-03,False
Quantitative-Formal,2025-06-03,0.008644385754264211,o3-2025-04-16_medium,GPT,2025-04-16,False
Logical-Control,2025-06-03,0.008803421174403917,o3-2025-04-16_medium,GPT,2025-04-16,False
Abstraction-Learning,2025-06-03,0.008713482896876156,o3-2025-04-16_medium,GPT,2025-04-16,False
Search-Load,2025-06-03,0.00852534344753294,o3-2025-04-16_medium,GPT,2025-04-16,False
Coding,2025-06-03,0.0,LLaMA-13B,Llama,2023-02-24,False
Science,2025-06-03,0.00825681108302067,gemini-1.5-flash-8b-001,Gemini,2024-10-03,False
Quantitative-Formal,2025-06-05,0.008644385754264211,o3-2025-04-16_medium,GPT,2025-04-16,False
Logical-Control,2025-06-05,0.008803421174403917,o3-2025-04-16_medium,GPT,2025-04-16,False
Abstraction-Learning,2025-06-05,0.008713482896876156,o3-2025-04-16_medium,GPT,2025-04-16,False
Search-Load,2025-06-05,0.00852534344753294,o3-2025-04-16_medium,GPT,2025-04-16,False
Coding,2025-06-05,0.0,LLaMA-13B,Llama,2023-02-24,False
Science,2025-06-05,0.00825681108302067,gemini-1.5-flash-8b-001,Gemini,2024-10-03,False
Quantitative-Formal,2025-06-10,0.008644385754264211,o3-2025-04-16_medium,GPT,2025-04-16,False
Logical-Control,2025-06-10,0.008803421174403917,o3-2025-04-16_medium,GPT,2025-04-16,False
Abstraction-Learning,2025-06-10,0.008713482896876156,o3-2025-04-16_medium,GPT,2025-04-16,False
Search-Load,2025-06-10,0.00852534344753294,o3-2025-04-16_medium,GPT,2025-04-16,False
Coding,2025-06-10,0.0,LLaMA-13B,Llama,2023-02-24,False
Science,2025-06-10,0.00825681108302067,gemini-1.5-flash-8b-001,Gemini,2024-10-03,False
Quantitative-Formal,2025-06-13,0.008644385754264211,o3-2025-04-16_medium,GPT,2025-04-16,False
Logical-Control,2025-06-13,0.008803421174403917,o3-2025-04-16_medium,GPT,2025-04-16,False
Abstraction-Learning,2025-06-13,0.008713482896876156,o3-2025-04-16_medium,GPT,2025-04-16,False
Search-Load,2025-06-13,0.00852534344753294,o3-2025-04-16_medium,GPT,2025-04-16,False
Coding,2025-06-13,0.0,LLaMA-13B,Llama,2023-02-24,False
Science,2025-06-13,0.00825681108302067,gemini-1.5-flash-8b-001,Gemini,2024-10-03,False
Quantitative-Formal,2025-06-17,0.008644385754264211,o3-2025-04-16_medium,GPT,2025-04-16,False
Logical-Control,2025-06-17,0.008803421174403917,o3-2025-04-16_medium,GPT,2025-04-16,False
Abstraction-Learning,2025-06-17,0.008713482896876156,o3-2025-04-16_medium,GPT,2025-04-16,False
Search-Load,2025-06-17,0.00852534344753294,o3-2025-04-16_medium,GPT,2025-04-16,False
Coding,2025-06-17,0.0,LLaMA-13B,Llama,2023-02-24,False
Science,2025-06-17,0.00825681108302067,gemini-1.5-flash-8b-001,Gemini,2024-10-03,False
Quantitative-Formal,2025-06-20,0.008644385754264211,o3-2025-04-16_medium,GPT,2025-04-16,False
Logical-Control,2025-06-20,0.008803421174403917,o3-2025-04-16_medium,GPT,2025-04-16,False
Abstraction-Learning,2025-06-20,0.008713482896876156,o3-2025-04-16_medium,GPT,2025-04-16,False
Search-Load,2025-06-20,0.00852534344753294,o3-2025-04-16_medium,GPT,2025-04-16,False
Coding,2025-06-20,0.0,LLaMA-13B,Llama,2023-02-24,False
Science,2025-06-20,0.00825681108302067,gemini-1.5-flash-8b-001,Gemini,2024-10-03,False
Quantitative-Formal,2025-07-09,0.008644385754264211,o3-2025-04-16_medium,GPT,2025-04-16,False
Logical-Control,2025-07-09,0.008803421174403917,o3-2025-04-16_medium,GPT,2025-04-16,False
Abstraction-Learning,2025-07-09,0.008713482896876156,o3-2025-04-16_medium,GPT,2025-04-16,False
Search-Load,2025-07-09,0.00852534344753294,o3-2025-04-16_medium,GPT,2025-04-16,False
Coding,2025-07-09,0.0,LLaMA-13B,Llama,2023-02-24,False
Science,2025-07-09,0.00825681108302067,gemini-1.5-flash-8b-001,Gemini,2024-10-03,False
Quantitative-Formal,2025-07-12,0.008644385754264211,o3-2025-04-16_medium,GPT,2025-04-16,False
Logical-Control,2025-07-12,0.008803421174403917,o3-2025-04-16_medium,GPT,2025-04-16,False
Abstraction-Learning,2025-07-12,0.008713482896876156,o3-2025-04-16_medium,GPT,2025-04-16,False
Search-Load,2025-07-12,0.00852534344753294,o3-2025-04-16_medium,GPT,2025-04-16,False
Coding,2025-07-12,0.0,LLaMA-13B,Llama,2023-02-24,False
Science,2025-07-12,0.00825681108302067,gemini-1.5-flash-8b-001,Gemini,2024-10-03,False
Quantitative-Formal,2025-07-20,0.008644385754264211,o3-2025-04-16_medium,GPT,2025-04-16,False
Logical-Control,2025-07-20,0.008803421174403917,o3-2025-04-16_medium,GPT,2025-04-16,False
Abstraction-Learning,2025-07-20,0.008713482896876156,o3-2025-04-16_medium,GPT,2025-04-16,False
Search-Load,2025-07-20,0.00852534344753294,o3-2025-04-16_medium,GPT,2025-04-16,False
Coding,2025-07-20,0.0,LLaMA-13B,Llama,2023-02-24,False
Science,2025-07-20,0.00825681108302067,gemini-1.5-flash-8b-001,Gemini,2024-10-03,False
Quantitative-Formal,2025-07-25,0.008644385754264211,o3-2025-04-16_medium,GPT,2025-04-16,False
Logical-Control,2025-07-25,0.008803421174403917,o3-2025-04-16_medium,GPT,2025-04-16,False
Abstraction-Learning,2025-07-25,0.008713482896876156,o3-2025-04-16_medium,GPT,2025-04-16,False
Search-Load,2025-07-25,0.00852534344753294,o3-2025-04-16_medium,GPT,2025-04-16,False
Coding,2025-07-25,0.0,LLaMA-13B,Llama,2023-02-24,False
Science,2025-07-25,0.00825681108302067,gemini-1.5-flash-8b-001,Gemini,2024-10-03,False
Quantitative-Formal,2025-08-03,0.008644385754264211,o3-2025-04-16_medium,GPT,2025-04-16,False
Logical-Control,2025-08-03,0.008803421174403917,o3-2025-04-16_medium,GPT,2025-04-16,False
Abstraction-Learning,2025-08-03,0.008713482896876156,o3-2025-04-16_medium,GPT,2025-04-16,False
Search-Load,2025-08-03,0.00852534344753294,o3-2025-04-16_medium,GPT,2025-04-16,False
Coding,2025-08-03,0.0,LLaMA-13B,Llama,2023-02-24,False
Science,2025-08-03,0.00825681108302067,gemini-1.5-flash-8b-001,Gemini,2024-10-03,False
Quantitative-Formal,2025-08-05,0.008644385754264211,o3-2025-04-16_medium,GPT,2025-04-16,False
Logical-Control,2025-08-05,0.008803421174403917,o3-2025-04-16_medium,GPT,2025-04-16,False
Abstraction-Learning,2025-08-05,0.008713482896876156,o3-2025-04-16_medium,GPT,2025-04-16,False
Search-Load,2025-08-05,0.00852534344753294,o3-2025-04-16_medium,GPT,2025-04-16,False
Coding,2025-08-05,0.0,LLaMA-13B,Llama,2023-02-24,False
Science,2025-08-05,0.00825681108302067,gemini-1.5-flash-8b-001,Gemini,2024-10-03,False
Quantitative-Formal,2025-08-07,0.011280251957817242,gpt-5-2025-08-07_high,GPT,2025-08-07,True
Logical-Control,2025-08-07,0.010983695627456186,gpt-5-2025-08-07_high,GPT,2025-08-07,True
Abstraction-Learning,2025-08-07,0.010860489893192809,gpt-5-2025-08-07_high,GPT,2025-08-07,True
Search-Load,2025-08-07,0.011018099617566213,gpt-5-2025-08-07_high,GPT,2025-08-07,True
Coding,2025-08-07,0.0,LLaMA-13B,Llama,2023-02-24,False
Science,2025-08-07,0.00825681108302067,gemini-1.5-flash-8b-001,Gemini,2024-10-03,False
Quantitative-Formal,2025-08-21,0.011280251957817242,gpt-5-2025-08-07_high,GPT,2025-08-07,False
Logical-Control,2025-08-21,0.010983695627456186,gpt-5-2025-08-07_high,GPT,2025-08-07,False
Abstraction-Learning,2025-08-21,0.010860489893192809,gpt-5-2025-08-07_high,GPT,2025-08-07,False
Search-Load,2025-08-21,0.011018099617566213,gpt-5-2025-08-07_high,GPT,2025-08-07,False
Coding,2025-08-21,0.0,LLaMA-13B,Llama,2023-02-24,False
Science,2025-08-21,0.00825681108302067,gemini-1.5-flash-8b-001,Gemini,2024-10-03,False
Quantitative-Formal,2025-09-01,0.011280251957817242,gpt-5-2025-08-07_high,GPT,2025-08-07,False
Logical-Control,2025-09-01,0.010983695627456186,gpt-5-2025-08-07_high,GPT,2025-08-07,False
Abstraction-Learning,2025-09-01,0.010860489893192809,gpt-5-2025-08-07_high,GPT,2025-08-07,False
Search-Load,2025-09-01,0.011018099617566213,gpt-5-2025-08-07_high,GPT,2025-08-07,False
Coding,2025-09-01,0.0,LLaMA-13B,Llama,2023-02-24,False
Science,2025-09-01,0.00825681108302067,gemini-1.5-flash-8b-001,Gemini,2024-10-03,False
Quantitative-Formal,2025-09-12,0.011280251957817242,gpt-5-2025-08-07_high,GPT,2025-08-07,False
Logical-Control,2025-09-12,0.010983695627456186,gpt-5-2025-08-07_high,GPT,2025-08-07,False
Abstraction-Learning,2025-09-12,0.010860489893192809,gpt-5-2025-08-07_high,GPT,2025-08-07,False
Search-Load,2025-09-12,0.011018099617566213,gpt-5-2025-08-07_high,GPT,2025-08-07,False
Coding,2025-09-12,0.0,LLaMA-13B,Llama,2023-02-24,False
Science,2025-09-12,0.00825681108302067,gemini-1.5-flash-8b-001,Gemini,2024-10-03,False
Quantitative-Formal,2025-09-29,0.011280251957817242,gpt-5-2025-08-07_high,GPT,2025-08-07,False
Logical-Control,2025-09-29,0.010983695627456186,gpt-5-2025-08-07_high,GPT,2025-08-07,False
Abstraction-Learning,2025-09-29,0.010860489893192809,gpt-5-2025-08-07_high,GPT,2025-08-07,False
Search-Load,2025-09-29,0.011018099617566213,gpt-5-2025-08-07_high,GPT,2025-08-07,False
Coding,2025-09-29,0.0,LLaMA-13B,Llama,2023-02-24,False
Science,2025-09-29,0.00825681108302067,gemini-1.5-flash-8b-001,Gemini,2024-10-03,False
Quantitative-Formal,2025-10-15,0.011280251957817242,gpt-5-2025-08-07_high,GPT,2025-08-07,False
Logical-Control,2025-10-15,0.010983695627456186,gpt-5-2025-08-07_high,GPT,2025-08-07,False
Abstraction-Learning,2025-10-15,0.010860489893192809,gpt-5-2025-08-07_high,GPT,2025-08-07,False
Search-Load,2025-10-15,0.011018099617566213,gpt-5-2025-08-07_high,GPT,2025-08-07,False
Coding,2025-10-15,0.0,LLaMA-13B,Llama,2023-02-24,False
Science,2025-10-15,0.00825681108302067,gemini-1.5-flash-8b-001,Gemini,2024-10-03,False
Quantitative-Formal,2025-10-22,0.011280251957817242,gpt-5-2025-08-07_high,GPT,2025-08-07,False
Logical-Control,2025-10-22,0.010983695627456186,gpt-5-2025-08-07_high,GPT,2025-08-07,False
Abstraction-Learning,2025-10-22,0.010860489893192809,gpt-5-2025-08-07_high,GPT,2025-08-07,False
Search-Load,2025-10-22,0.011018099617566213,gpt-5-2025-08-07_high,GPT,2025-08-07,False
Coding,2025-10-22,0.0,LLaMA-13B,Llama,2023-02-24,False
Science,2025-10-22,0.00825681108302067,gemini-1.5-flash-8b-001,Gemini,2024-10-03,False
Quantitative-Formal,2025-11-06,0.018141141289576453,kimi-k2-thinking,Kimi,2025-11-06,True
Logical-Control,2025-11-06,0.01754548626108028,kimi-k2-thinking,Kimi,2025-11-06,True
Abstraction-Learning,2025-11-06,0.0170075972799488,kimi-k2-thinking,Kimi,2025-11-06,True
Search-Load,2025-11-06,0.01766023433688011,kimi-k2-thinking,Kimi,2025-11-06,True
Coding,2025-11-06,0.0,LLaMA-13B,Llama,2023-02-24,False
Science,2025-11-06,0.00825681108302067,gemini-1.5-flash-8b-001,Gemini,2024-10-03,False
Quantitative-Formal,2025-11-13,0.018141141289576453,kimi-k2-thinking,Kimi,2025-11-06,False
Logical-Control,2025-11-13,0.01754548626108028,kimi-k2-thinking,Kimi,2025-11-06,False
Abstraction-Learning,2025-11-13,0.0170075972799488,kimi-k2-thinking,Kimi,2025-11-06,False
Search-Load,2025-11-13,0.01766023433688011,kimi-k2-thinking,Kimi,2025-11-06,False
Coding,2025-11-13,0.0,LLaMA-13B,Llama,2023-02-24,False
Science,2025-11-13,0.00825681108302067,gemini-1.5-flash-8b-001,Gemini,2024-10-03,False
Quantitative-Formal,2025-11-18,0.018141141289576453,kimi-k2-thinking,Kimi,2025-11-06,False
Logical-Control,2025-11-18,0.01754548626108028,kimi-k2-thinking,Kimi,2025-11-06,False
Abstraction-Learning,2025-11-18,0.0170075972799488,kimi-k2-thinking,Kimi,2025-11-06,False
Search-Load,2025-11-18,0.01766023433688011,kimi-k2-thinking,Kimi,2025-11-06,False
Coding,2025-11-18,0.0,LLaMA-13B,Llama,2023-02-24,False
Science,2025-11-18,0.00825681108302067,gemini-1.5-flash-8b-001,Gemini,2024-10-03,False
Quantitative-Formal,2025-11-24,0.018141141289576453,kimi-k2-thinking,Kimi,2025-11-06,False
Logical-Control,2025-11-24,0.01754548626108028,kimi-k2-thinking,Kimi,2025-11-06,False
Abstraction-Learning,2025-11-24,0.0170075972799488,kimi-k2-thinking,Kimi,2025-11-06,False
Search-Load,2025-11-24,0.01766023433688011,kimi-k2-thinking,Kimi,2025-11-06,False
Coding,2025-11-24,0.0,LLaMA-13B,Llama,2023-02-24,False
Science,2025-11-24,0.00825681108302067,gemini-1.5-flash-8b-001,Gemini,2024-10-03,False
Quantitative-Formal,2025-12-11,0.018141141289576453,kimi-k2-thinking,Kimi,2025-11-06,False
Logical-Control,2025-12-11,0.01754548626108028,kimi-k2-thinking,Kimi,2025-11-06,False
Abstraction-Learning,2025-12-11,0.0170075972799488,kimi-k2-thinking,Kimi,2025-11-06,False
Search-Load,2025-12-11,0.01766023433688011,kimi-k2-thinking,Kimi,2025-11-06,False
Coding,2025-12-11,0.0,LLaMA-13B,Llama,2023-02-24,False
Science,2025-12-11,0.00825681108302067,gemini-1.5-flash-8b-001,Gemini,2024-10-03,False
Quantitative-Formal,2025-12-17,0.018141141289576453,kimi-k2-thinking,Kimi,2025-11-06,False
Logical-Control,2025-12-17,0.01754548626108028,kimi-k2-thinking,Kimi,2025-11-06,False
Abstraction-Learning,2025-12-17,0.0170075972799488,kimi-k2-thinking,Kimi,2025-11-06,False
Search-Load,2025-12-17,0.01766023433688011,kimi-k2-thinking,Kimi,2025-11-06,False
Coding,2025-12-17,0.0,LLaMA-13B,Llama,2023-02-24,False
Science,2025-12-17,0.00825681108302067,gemini-1.5-flash-8b-001,Gemini,2024-10-03,False
Quantitative-Formal,2026-01-27,0.018141141289576453,kimi-k2-thinking,Kimi,2025-11-06,False
Logical-Control,2026-01-27,0.01754548626108028,kimi-k2-thinking,Kimi,2025-11-06,False
Abstraction-Learning,2026-01-27,0.0170075972799488,kimi-k2-thinking,Kimi,2025-11-06,False
Search-Load,2026-01-27,0.01766023433688011,kimi-k2-thinking,Kimi,2025-11-06,False
Coding,2026-01-27,0.0,LLaMA-13B,Llama,2023-02-24,False
Science,2026-01-27,0.00825681108302067,gemini-1.5-flash-8b-001,Gemini,2024-10-03,False
Quantitative-Formal,2026-02-05,0.018141141289576453,kimi-k2-thinking,Kimi,2025-11-06,False
Logical-Control,2026-02-05,0.01754548626108028,kimi-k2-thinking,Kimi,2025-11-06,False
Abstraction-Learning,2026-02-05,0.0170075972799488,kimi-k2-thinking,Kimi,2025-11-06,False
Search-Load,2026-02-05,0.01766023433688011,kimi-k2-thinking,Kimi,2025-11-06,False
Coding,2026-02-05,0.0,LLaMA-13B,Llama,2023-02-24,False
Science,2026-02-05,0.00825681108302067,gemini-1.5-flash-8b-001,Gemini,2024-10-03,False
Quantitative-Formal,2026-02-13,0.018141141289576453,kimi-k2-thinking,Kimi,2025-11-06,False
Logical-Control,2026-02-13,0.01754548626108028,kimi-k2-thinking,Kimi,2025-11-06,False
Abstraction-Learning,2026-02-13,0.0170075972799488,kimi-k2-thinking,Kimi,2025-11-06,False
Search-Load,2026-02-13,0.01766023433688011,kimi-k2-thinking,Kimi,2025-11-06,False
Coding,2026-02-13,0.0,LLaMA-13B,Llama,2023-02-24,False
Science,2026-02-13,0.00825681108302067,gemini-1.5-flash-8b-001,Gemini,2024-10-03,False
Quantitative-Formal,2026-02-17,0.018141141289576453,kimi-k2-thinking,Kimi,2025-11-06,False
Logical-Control,2026-02-17,0.01754548626108028,kimi-k2-thinking,Kimi,2025-11-06,False
Abstraction-Learning,2026-02-17,0.0170075972799488,kimi-k2-thinking,Kimi,2025-11-06,False
Search-Load,2026-02-17,0.01766023433688011,kimi-k2-thinking,Kimi,2025-11-06,False
Coding,2026-02-17,0.0,LLaMA-13B,Llama,2023-02-24,False
Science,2026-02-17,0.00825681108302067,gemini-1.5-flash-8b-001,Gemini,2024-10-03,False
Quantitative-Formal,2026-02-19,0.018141141289576453,kimi-k2-thinking,Kimi,2025-11-06,False
Logical-Control,2026-02-19,0.01754548626108028,kimi-k2-thinking,Kimi,2025-11-06,False
Abstraction-Learning,2026-02-19,0.0170075972799488,kimi-k2-thinking,Kimi,2025-11-06,False
Search-Load,2026-02-19,0.01766023433688011,kimi-k2-thinking,Kimi,2025-11-06,False
Coding,2026-02-19,0.0,LLaMA-13B,Llama,2023-02-24,False
Science,2026-02-19,0.009928084927808204,gemini-3.1-pro-preview_high,Gemini,2026-02-19,True
Quantitative-Formal,2026-03-05,0.018141141289576453,kimi-k2-thinking,Kimi,2025-11-06,False
Logical-Control,2026-03-05,0.01754548626108028,kimi-k2-thinking,Kimi,2025-11-06,False
Abstraction-Learning,2026-03-05,0.0170075972799488,kimi-k2-thinking,Kimi,2025-11-06,False
Search-Load,2026-03-05,0.01766023433688011,kimi-k2-thinking,Kimi,2025-11-06,False
Coding,2026-03-05,0.0,LLaMA-13B,Llama,2023-02-24,False
Science,2026-03-05,0.010634663871760597,gpt-5.4-2026-03-05_xhigh,GPT,2026-03-05,True
Quantitative-Formal,2026-04-02,0.018141141289576453,kimi-k2-thinking,Kimi,2025-11-06,False
Logical-Control,2026-04-02,0.01754548626108028,kimi-k2-thinking,Kimi,2025-11-06,False
Abstraction-Learning,2026-04-02,0.0170075972799488,kimi-k2-thinking,Kimi,2025-11-06,False
Search-Load,2026-04-02,0.01766023433688011,kimi-k2-thinking,Kimi,2025-11-06,False
Coding,2026-04-02,0.0,LLaMA-13B,Llama,2023-02-24,False
Science,2026-04-02,0.010634663871760597,gpt-5.4-2026-03-05_xhigh,GPT,2026-03-05,False
Quantitative-Formal,2026-04-16,0.018141141289576453,kimi-k2-thinking,Kimi,2025-11-06,False
Logical-Control,2026-04-16,0.01754548626108028,kimi-k2-thinking,Kimi,2025-11-06,False
Abstraction-Learning,2026-04-16,0.0170075972799488,kimi-k2-thinking,Kimi,2025-11-06,False
Search-Load,2026-04-16,0.01766023433688011,kimi-k2-thinking,Kimi,2025-11-06,False
Coding,2026-04-16,0.0,LLaMA-13B,Llama,2023-02-24,False
Science,2026-04-16,0.010634663871760597,gpt-5.4-2026-03-05_xhigh,GPT,2026-03-05,False
Quantitative-Formal,2026-04-20,0.018141141289576453,kimi-k2-thinking,Kimi,2025-11-06,False
Logical-Control,2026-04-20,0.01754548626108028,kimi-k2-thinking,Kimi,2025-11-06,False
Abstraction-Learning,2026-04-20,0.0170075972799488,kimi-k2-thinking,Kimi,2025-11-06,False
Search-Load,2026-04-20,0.01766023433688011,kimi-k2-thinking,Kimi,2025-11-06,False
Coding,2026-04-20,0.0,LLaMA-13B,Llama,2023-02-24,False
Science,2026-04-20,0.010634663871760597,gpt-5.4-2026-03-05_xhigh,GPT,2026-03-05,False
Quantitative-Formal,2026-04-28,0.018141141289576453,kimi-k2-thinking,Kimi,2025-11-06,False
Logical-Control,2026-04-28,0.01754548626108028,kimi-k2-thinking,Kimi,2025-11-06,False
Abstraction-Learning,2026-04-28,0.0170075972799488,kimi-k2-thinking,Kimi,2025-11-06,False
Search-Load,2026-04-28,0.01766023433688011,kimi-k2-thinking,Kimi,2025-11-06,False
Coding,2026-04-28,0.0,LLaMA-13B,Llama,2023-02-24,False
Science,2026-04-28,0.010634663871760597,gpt-5.4-2026-03-05_xhigh,GPT,2026-03-05,False
Quantitative-Formal,2026-05-05,0.026853490851221528,Claude Mythos Preview,Claude,2026-05-05,True
Logical-Control,2026-05-05,0.025916013899307547,Claude Mythos Preview,Claude,2026-05-05,True
Abstraction-Learning,2026-05-05,0.025438940315364127,Claude Mythos Preview,Claude,2026-05-05,True
Search-Load,2026-05-05,0.02610970317379022,Claude Mythos Preview,Claude,2026-05-05,True
Coding,2026-05-05,0.0,LLaMA-13B,Llama,2023-02-24,False
Science,2026-05-05,0.018554086325360236,Claude Mythos Preview,Claude,2026-05-05,True
